Time,E1,I1,E2,I2,E3,I3,AI8,Pm,Torque,Category
0,0.9,-461.7,457.4,-0.49,0.1,0.27,1471.6,48.6,1,Normal
0.1,20.9,-473.5,446.5,-0.5,0.1,0.26,1474.2,49.1,1,Normal
0.2,40.9,-477.4,438.2,-0.49,0.14,0.24,1476.8,49.4,1,Normal
0.29,58.7,-489.6,429.9,-0.48,0.12,0.25,1476.8,48.7,1,Normal
0.39,76.1,-500,419,-0.49,0.14,0.23,1472.9,48.6,1,Normal
0.49,94.4,-505.7,412.4,-0.48,0.16,0.22,1471.6,48.6,1,Normal
0.59,113.1,-517.4,397.6,-0.47,0.18,0.23,1474.2,48.9,1,Normal
0.68,130.9,-523.9,389.7,-0.45,0.2,0.22,1475.5,48.7,1,Normal
0.78,151.4,-532.2,381,-0.47,0.22,0.2,1472.9,48.6,1,Normal
0.88,166.6,-537.4,370.1,-0.45,0.23,0.2,1472.9,48.6,1,Normal
0.98,181,-542.6,362.2,-0.46,0.25,0.18,1474.2,48.9,1,Normal
1.07,200.5,-548.7,348.7,-0.45,0.27,0.17,1474.2,48.9,1,Normal
1.17,214,-553.5,334.8,-0.44,0.29,0.15,1474.2,48.7,1,Normal
1.27,233.2,-550.4,321.2,-0.43,0.31,0.14,1472.9,48.4,1,Normal
1.37,244.5,-553.5,306.8,-0.42,0.33,0.14,1472.9,48.6,1,Normal
1.47,258.8,-552.6,292,-0.4,0.34,0.14,1474.2,48.7,1,Normal
1.56,271.5,-550.4,277.1,-0.4,0.37,0.13,1474.2,48.7,1,Normal
1.66,281.5,-551.3,267.1,-0.4,0.38,0.12,1474.2,48.9,1,Normal
1.76,296.2,-551.7,255.3,-0.39,0.39,0.1,1472.9,48.6,1,Normal
1.86,309.7,-552.6,242.7,-0.4,0.39,0.09,1474.2,48.7,1,Normal
1.95,319.7,-549.1,226.5,-0.37,0.41,0.07,1472.9,48.6,1,Normal
2.05,332.8,-547.4,209.5,-0.37,0.39,0.06,1472.9,48.8,1,Normal
2.15,341.9,-541.7,196.4,-0.4,0.42,0.02,1474.2,48.2,1,Normal
2.25,355.8,-537,176.3,-0.39,0.41,0,1475.5,48.5,1,Normal
2.34,368,-530.4,163.2,-0.37,0.41,-0.02,1474.2,47.9,1,Normal
2.44,377.6,-528.7,144.5,-0.38,0.42,-0.02,1471.6,47.9,1,Normal
2.54,389.8,-518.7,128.3,-0.38,0.42,-0.03,1472.9,48.1,1,Normal
2.64,399.3,-514.8,113.5,-0.37,0.42,-0.04,1475.5,48.5,1,Normal
2.73,408.5,-505.7,98.6,-0.37,0.43,-0.06,1475.5,48,1,Normal
2.83,415.9,-497,79.9,-0.35,0.41,-0.08,1472.9,46.5,1,Normal
2.93,426.8,-493,65.9,-0.35,0.42,-0.09,1467.8,47.7,1,Normal
3.03,435,-482.2,45.4,-0.34,0.42,-0.11,1474.2,48.4,1,Normal
3.13,443.3,-474.8,31,-0.35,0.42,-0.12,1475.5,48.2,1,Normal
3.22,454.2,-470,10,-0.34,0.42,-0.14,1474.2,47.9,1,Normal
3.32,463.3,-458.7,-9.2,-0.31,0.42,-0.15,1472.9,47.9,1,Normal
3.42,473.3,-447.4,-24.4,-0.32,0.43,-0.17,1471.6,48.1,1,Normal
3.52,480.3,-439.6,-43.2,-0.3,0.42,-0.17,1474.2,48.2,1,Normal
3.61,488.5,-430,-60.2,-0.29,0.42,-0.2,1475.5,48.2,1,Normal
3.71,499.8,-421.3,-77.7,-0.29,0.41,-0.21,1472.9,47.9,1,Normal
3.81,509,-411.7,-93.8,-0.29,0.42,-0.23,1471.6,48.1,1,Normal
3.91,519.4,-403,-115.2,-0.28,0.39,-0.24,1474.2,48.4,1,Normal
4,525.5,-393.9,-132.7,-0.27,0.39,-0.26,1472.9,47.9,1,Normal
4.1,531.2,-382.2,-153.6,-0.25,0.39,-0.27,1472.9,47.9,1,Normal
4.2,542,-372.6,-167.6,-0.25,0.38,-0.29,1472.9,48.1,1,Normal
4.3,544.6,-363.5,-182.4,-0.25,0.38,-0.32,1475.5,48.7,1,Normal
4.4,549.9,-353.9,-194.2,-0.23,0.39,-0.34,1475.5,48,1,Normal
4.49,549.9,-343,-210.8,-0.25,0.37,-0.35,1471.6,47.6,1,Normal
4.59,557.7,-331.7,-223.9,-0.22,0.36,-0.38,1471.6,48.1,1,Normal
4.69,553.8,-316.1,-237.9,-0.22,0.36,-0.39,1474.2,48.4,1,Normal
4.79,555.5,-299.1,-250.5,-0.22,0.34,-0.4,1475.5,48.5,1,Normal
4.88,553.8,-283.5,-268.8,-0.2,0.34,-0.41,1472.9,47.9,1,Normal
4.98,552.5,-267.8,-283.7,-0.19,0.32,-0.45,1471.6,47.9,1,Normal
5.08,550.7,-253.5,-295.5,-0.17,0.34,-0.45,1472.9,48.1,1,Normal
5.18,551.2,-240.9,-304.6,-0.17,0.33,-0.45,1475.5,48.5,1,Normal
5.27,547.3,-228.7,-319.9,-0.15,0.32,-0.46,1474.2,48.2,1,Normal
5.37,547.3,-217.4,-333.4,-0.13,0.33,-0.46,1472.9,47.9,1,Normal
5.47,545.5,-200.9,-342.6,-0.1,0.34,-0.46,1472.9,48.1,1,Normal
5.57,542,-181.7,-357.9,-0.1,0.33,-0.47,1474.2,48.4,1,Normal
5.66,537.2,-166.5,-370.1,-0.06,0.32,-0.47,1474.2,48.2,1,Normal
5.76,531.2,-149.6,-384.9,-0.07,0.32,-0.49,1471.6,47.9,1,Normal
5.86,524.6,-131.7,-388.4,-0.04,0.31,-0.48,1471.6,48.1,1,Normal
5.96,517.7,-120.9,-398,-0.04,0.31,-0.49,1475.5,48.5,1,Normal
6.06,509.8,-106.1,-405,-0.03,0.3,-0.51,1474.2,48.2,1,Normal
6.15,502.9,-88.7,-413.3,0,0.3,-0.5,1472.9,47.9,1,Normal
6.25,497.7,-67.8,-426.4,0.03,0.29,-0.48,1472.9,48.1,1,Normal
6.35,489,-49.6,-433,0.03,0.31,-0.49,1474.2,48.4,1,Normal
6.45,477.7,-32.6,-444.3,0.07,0.28,-0.5,1474.2,47.9,1,Normal
6.54,473.7,-14.8,-458.7,0.06,0.29,-0.5,1472.9,47.9,1,Normal
6.64,462,0.4,-464.4,0.07,0.28,-0.49,1471.6,47.9,1,Normal
6.74,453.7,19.6,-470.9,0.07,0.27,-0.5,1474.2,48.4,1,Normal
6.84,444.2,37.4,-480.1,0.09,0.26,-0.52,1474.2,48.2,1,Normal
6.93,435,57.8,-489.3,0.11,0.24,-0.51,1474.2,48.2,1,Normal
7.03,426.8,76.1,-501.5,0.11,0.24,-0.51,1472.9,47.9,1,Normal
7.13,416.3,93.9,-508,0.13,0.23,-0.5,1472.9,48.1,1,Normal
7.23,404.6,112.2,-521.5,0.15,0.23,-0.49,1475.5,48.2,1,Normal
7.32,397.2,125.2,-529.4,0.18,0.23,-0.47,1474.2,48.2,1,Normal
7.42,387.6,144.3,-529.8,0.19,0.23,-0.48,1472.9,48.1,1,Normal
7.52,378.5,161.7,-539.4,0.21,0.21,-0.47,1474.2,48.2,1,Normal
7.62,370.6,180.9,-547.3,0.24,0.18,-0.47,1474.2,48.2,1,Normal
7.72,357.2,193.9,-549.5,0.24,0.18,-0.44,1474.2,48.2,1,Normal
7.81,345.8,212.6,-560.8,0.26,0.18,-0.44,1476.8,48.3,1,Normal
7.91,335,227.8,-564.8,0.27,0.17,-0.45,1476.8,48.5,1,Normal
8.01,326.7,240.9,-568.7,0.32,0.17,-0.42,1479.3,48.8,1,Normal
8.11,311.5,253.9,-567.8,0.35,0.16,-0.41,1480.6,48.4,1,Normal
8.2,296.2,268.3,-563,0.38,0.16,-0.4,1479.3,48.1,1,Normal
8.3,281.5,281.3,-562.6,0.41,0.15,-0.39,1478,48.3,1,Normal
8.4,268,294.3,-558.2,0.43,0.16,-0.37,1479.3,48.8,1,Normal
8.5,251.9,305.2,-551.2,0.44,0.14,-0.35,1480.6,48.4,1,Normal
8.59,232.7,317,-550.4,0.47,0.13,-0.34,1479.3,48.3,1,Normal
8.69,218.8,331.3,-543.4,0.47,0.12,-0.34,1478,48.3,1,Normal
8.79,201.8,336.1,-539.4,0.47,0.1,-0.35,1479.3,48.6,1,Normal
8.89,185.8,349.1,-538.6,0.47,0.08,-0.35,1480.6,48.6,1,Normal
8.98,171.4,360.4,-532,0.45,0.07,-0.34,1479.3,48.3,1,Normal
9.08,156.2,369.6,-523.7,0.47,0.03,-0.35,1479.3,48.3,1,Normal
9.18,142.7,380.9,-520.2,0.45,0.02,-0.34,1478,48.3,1,Normal
9.28,127,388.7,-515.9,0.47,0,-0.33,1480.6,48.4,1,Normal
9.38,112.2,401.3,-512.8,0.47,0,-0.32,1480.6,48.6,1,Normal
9.47,93.5,408.7,-501.5,0.47,-0.01,-0.31,1479.3,48.1,1,Normal
9.57,79.6,419.1,-498.9,0.47,-0.04,-0.31,1478,48.3,1,Normal
9.67,64.4,427.4,-490.1,0.48,-0.06,-0.31,1479.3,48.6,1,Normal
9.77,48.3,436.1,-487.1,0.48,-0.07,-0.3,1480.6,48.4,1,Normal
9.86,30.5,447.8,-474.9,0.5,-0.08,-0.29,1478,48.1,1,Normal
9.96,12.2,454.8,-467.9,0.48,-0.08,-0.28,1478,48.3,1,Normal
10.06,-6.1,464.3,-456.5,0.49,-0.09,-0.27,1479.3,48.8,1,Normal
10.16,-25.2,471.7,-448.7,0.49,-0.12,-0.27,1480.6,48.6,1,Normal
10.25,-43.5,482.6,-439.1,0.48,-0.11,-0.26,1479.3,47.9,1,Normal
10.35,-63.9,493,-429.9,0.47,-0.14,-0.24,1478,48.1,1,Normal
10.45,-81.8,502.6,-414.6,0.47,-0.16,-0.24,1479.3,48.6,1,Normal
10.55,-97.9,511.3,-406.8,0.45,-0.17,-0.23,1479.3,48.6,1,Normal
10.65,-116.2,516.5,-398.5,0.47,-0.2,-0.21,1479.3,48.1,1,Normal
10.74,-134,525.7,-390.6,0.47,-0.22,-0.22,1478,48.1,1,Normal
10.84,-149.2,535.2,-378.8,0.44,-0.22,-0.2,1479.3,48.3,1,Normal
10.94,-170.5,543.9,-370.1,0.45,-0.25,-0.18,1480.6,48.6,1,Normal
11.04,-186.2,549.6,-356.6,0.44,-0.26,-0.18,1479.3,48.1,1,Normal
11.13,-206.2,550,-343.9,0.43,-0.27,-0.16,1476.8,48,1,Normal
11.23,-218.8,550.4,-328.6,0.44,-0.3,-0.16,1478,48.3,1,Normal
11.33,-235.3,555.2,-314.7,0.42,-0.33,-0.16,1480.6,48.6,1,Normal
11.43,-247.1,553.5,-301.6,0.4,-0.35,-0.16,1479.3,48.3,1,Normal
11.52,-260.6,553.5,-288.9,0.4,-0.36,-0.15,1478,48.1,1,Normal
11.62,-275.4,553.5,-275,0.39,-0.38,-0.14,1479.3,48.6,1,Normal
11.72,-286.2,550,-263.6,0.39,-0.38,-0.12,1479.3,48.6,1,Normal
11.82,-294.5,549.6,-250.5,0.38,-0.39,-0.11,1479.3,48.3,1,Normal
11.91,-310.6,546.1,-235.2,0.38,-0.39,-0.07,1478,48.1,1,Normal
12.01,-325,543.5,-216.9,0.38,-0.4,-0.05,1478,48.3,1,Normal
12.11,-335.8,543.5,-202.5,0.38,-0.41,-0.05,1479.3,48.6,1,Normal
12.21,-347.1,536.5,-188.5,0.38,-0.4,-0.03,1479.3,48.3,1,Normal
12.31,-358.9,533.9,-175.5,0.39,-0.4,-0.02,1478,48.1,1,Normal
12.4,-368,533.5,-160.6,0.37,-0.41,0.02,1478,48.1,1,Normal
12.5,-381.9,525.2,-144,0.37,-0.42,0.01,1480.6,48.6,1,Normal
12.6,-389.3,516.5,-125.3,0.36,-0.42,0.02,1480.6,48.4,1,Normal
12.7,-398.5,509.1,-105.6,0.37,-0.43,0.04,1479.3,49.1,1,Normal
12.79,-411.1,503,-87.3,0.35,-0.43,0.08,1485.7,49,1,Normal
12.89,-420.2,497.8,-72,0.34,-0.42,0.08,1485.7,49,1,Normal
12.99,-432,487,-58,0.36,-0.42,0.1,1487,49.3,1,Normal
13.09,-439.4,482.6,-40.2,0.33,-0.42,0.12,1487,49.1,1,Normal
13.18,-446.8,477,-25.3,0.33,-0.41,0.13,1484.4,48.8,1,Normal
13.28,-453.3,465.7,-9.6,0.32,-0.42,0.13,1485.7,49.3,1,Normal
13.38,-463.7,455.7,9.2,0.31,-0.44,0.15,1488.2,49.4,1,Normal
13.48,-469.8,444.8,27.9,0.32,-0.44,0.17,1485.7,49,1,Normal
13.57,-481.6,435.7,48,0.3,-0.43,0.17,1485.7,48.8,1,Normal
13.67,-491.6,426.5,66.8,0.31,-0.42,0.2,1485.7,49.5,1,Normal
13.77,-501.1,420.4,86,0.29,-0.42,0.22,1488.2,49.6,1,Normal
13.87,-512.9,407.4,102.1,0.29,-0.41,0.23,1485.7,49,1,Normal
13.97,-518.1,398.7,122.2,0.28,-0.39,0.25,1485.7,48.8,1,Normal
14.06,-524.6,385.7,137.5,0.28,-0.39,0.26,1484.4,49.2,1,Normal
14.16,-535.9,376.1,156.2,0.26,-0.38,0.28,1487,49.3,1,Normal
14.26,-543.8,366.5,173.7,0.25,-0.38,0.3,1487,49.3,1,Normal
14.36,-545.9,360.9,189,0.23,-0.38,0.33,1485.7,48.8,1,Normal
14.45,-554.6,351.3,203.4,0.22,-0.38,0.33,1484.4,48.8,1,Normal
14.55,-555.1,337.4,214.7,0.22,-0.38,0.35,1485.7,49.5,1,Normal
14.65,-553.3,327.8,227.8,0.21,-0.37,0.37,1485.7,49.3,1,Normal
14.75,-553.8,312.6,242.2,0.21,-0.37,0.4,1485.7,49,1,Normal
14.84,-550.3,296.1,257.5,0.22,-0.35,0.41,1485.7,49.3,1,Normal
14.94,-554.2,280,270.2,0.19,-0.34,0.43,1487,49.3,1,Normal
15.04,-549.9,266.5,282.4,0.18,-0.33,0.44,1487,49.5,1,Normal
15.14,-547.7,249.1,296.3,0.16,-0.33,0.45,1485.7,48.8,1,Normal
15.23,-548.6,240.9,313.4,0.14,-0.33,0.45,1485.7,49,1,Normal
15.33,-549,225.2,325.2,0.12,-0.34,0.46,1487,49.3,1,Normal
15.43,-543.8,208.7,340,0.13,-0.34,0.46,1485.7,48.6,1,Normal
15.53,-540.7,193,345.7,0.1,-0.32,0.47,1485.7,49,1,Normal
15.63,-537.7,179.6,360.9,0.08,-0.34,0.48,1485.7,49,1,Normal
15.72,-533.8,165.2,371,0.09,-0.33,0.48,1487,49.3,1,Normal
15.82,-527.2,148.7,381.9,0.07,-0.33,0.5,1485.7,49.3,1,Normal
15.92,-519,132.6,391.5,0.05,-0.3,0.5,1485.7,49.3,1,Normal
16.02,-512.9,115.2,401.5,0.02,-0.32,0.49,1485.7,49,1,Normal
16.11,-507.7,99.1,411.1,0.02,-0.31,0.49,1484.4,49,1,Normal
16.21,-500.7,80.9,420.7,0,-0.3,0.48,1485.7,49.3,1,Normal
16.31,-493.7,63.9,428.6,-0.02,-0.32,0.49,1485.7,49,1,Normal
16.41,-485,44.8,436,-0.04,-0.3,0.48,1485.7,48.8,1,Normal
16.5,-473.3,30.9,445.6,-0.04,-0.3,0.5,1483.1,48.9,1,Normal
16.6,-467.2,11.3,456.1,-0.07,-0.27,0.5,1485.7,49,1,Normal
16.7,-459.8,-7,465.7,-0.06,-0.27,0.51,1487,48.6,1,Normal
16.8,-450.7,-26.1,477,-0.09,-0.26,0.52,1483.1,48.7,1,Normal
16.9,-443.3,-43.9,483.6,-0.07,-0.27,0.49,1484.4,49,1,Normal
16.99,-432.4,-64.8,492.7,-0.13,-0.24,0.5,1485.7,49.3,1,Normal
17.09,-422.4,-80.9,504.5,-0.13,-0.24,0.5,1487,49.3,1,Normal
17.19,-410.7,-97.4,509.8,-0.15,-0.24,0.5,1485.7,49,1,Normal
17.29,-401.1,-117.8,515.4,-0.16,-0.23,0.48,1485.7,49,1,Normal
17.38,-391.5,-130.4,523.7,-0.17,-0.23,0.49,1487,49.1,1,Normal
17.48,-383.7,-150.4,534.2,-0.19,-0.22,0.47,1487,49.1,1,Normal
17.58,-373.2,-169.1,541.2,-0.21,-0.2,0.47,1485.7,49,1,Normal
17.68,-360.2,-186.5,549.9,-0.22,-0.2,0.48,1485.7,48.8,1,Normal
17.77,-353.2,-201.7,556,-0.24,-0.19,0.47,1487,49.1,1,Normal
17.87,-343.7,-215.7,557.8,-0.26,-0.19,0.45,1488.2,49.1,1,Normal
17.97,-327.1,-230.9,557.3,-0.31,-0.16,0.45,1487,49.1,1,Normal
18.07,-316.7,-246.1,564.3,-0.32,-0.17,0.42,1488.2,49.1,1,Normal
18.16,-303.2,-258.3,561.3,-0.36,-0.17,0.41,1487,49.1,1,Normal
18.26,-290.2,-270.4,564.8,-0.38,-0.18,0.39,1487,49.1,1,Normal
18.36,-274.5,-283,557.3,-0.4,-0.16,0.39,1487,49.1,1,Normal
18.46,-259.7,-293,556.5,-0.41,-0.16,0.36,1485.7,48.8,1,Normal
18.56,-244.9,-311.7,553.8,-0.44,-0.14,0.36,1485.7,49,1,Normal
18.65,-228,-321.3,549.9,-0.44,-0.13,0.36,1487,49.3,1,Normal
18.75,-213.2,-331.3,543.4,-0.44,-0.12,0.36,1489.5,47,1,Normal
18.85,-196.6,-339.1,538.1,-0.47,-0.09,0.35,1487,48.8,1,Normal
18.95,-184,-351.3,536.4,-0.46,-0.08,0.35,1485.7,48.8,1,Normal
19.04,-165.3,-365.7,529.8,-0.47,-0.07,0.34,1487,49.3,1,Normal
19.14,-151.4,-377.4,524.2,-0.48,-0.04,0.35,1488.2,49.4,1,Normal
19.24,-134,-383,515.9,-0.47,-0.05,0.33,1488.2,48.9,1,Normal
19.34,-116.6,-393.9,507.6,-0.47,-0.01,0.33,1485.7,48.8,1,Normal
19.43,-105.7,-398.3,507.6,-0.47,0.01,0.33,1487,49.3,1,Normal
19.53,-90.9,-411.7,497.5,-0.47,0.03,0.33,1489.5,49.2,1,Normal
19.63,-76.1,-421.7,498.4,-0.47,0.04,0.31,1487,49.1,1,Normal
19.73,-59.2,-431.3,487.9,-0.48,0.05,0.31,1487,48.6,1,Normal
19.82,-40.9,-441.3,483.1,-0.49,0.05,0.31,1485.7,49,1,Normal
19.92,-23.1,-447.4,474,-0.5,0.07,0.29,1487,49.3,1,Normal
20.02,-3.5,-459.6,463.1,-0.5,0.08,0.28,1488.2,49.4,1,Normal
20.12,16.5,-465.7,453.9,-0.49,0.08,0.26,1485.7,49,1,Normal
20.22,33.9,-474.8,442.1,-0.48,0.1,0.26,1485.7,49,1,Normal
20.31,52.2,-485.2,432.1,-0.5,0.11,0.25,1487,49.3,1,Normal
20.41,68.3,-494.8,426.4,-0.48,0.15,0.25,1488.2,49.4,1,Normal
20.51,88.3,-502.6,414.6,-0.49,0.14,0.24,1487,49.1,1,Normal
20.61,107.4,-517.8,408.9,-0.48,0.19,0.22,1485.7,49,1,Normal
20.7,122.7,-521.3,395.4,-0.48,0.19,0.22,1487,49.3,1,Normal
20.8,144.4,-526.5,388,-0.47,0.2,0.19,1489.5,49.6,1,Normal
20.9,159.7,-536.5,376.7,-0.47,0.23,0.19,1488.2,49.4,1,Normal
21,177.5,-543.5,363.1,-0.47,0.24,0.17,1487,49.1,1,Normal
21.09,194.9,-545.2,350,-0.46,0.25,0.19,1487,49.3,1,Normal
21.19,206.6,-551.7,338.2,-0.43,0.28,0.17,1487,49.5,1,Normal
21.29,225.3,-551.7,325.6,-0.44,0.3,0.16,1487,49.1,1,Normal
21.39,237.5,-548.3,315.1,-0.41,0.34,0.16,1487,49.1,1,Normal
21.48,252.7,-550.4,298.1,-0.41,0.35,0.16,1487,49.3,1,Normal
21.58,269.3,-546.5,285.4,-0.4,0.35,0.15,1487,49.3,1,Normal
21.68,279.7,-557,272.3,-0.39,0.38,0.12,1485.7,49,1,Normal
21.78,291.9,-554.3,258.8,-0.39,0.38,0.11,1487,49.1,1,Normal
21.88,301,-551.3,247,-0.39,0.4,0.09,1487,49.1,1,Normal
21.97,315.8,-545.7,228.7,-0.38,0.39,0.08,1487,49.1,1,Normal
22.07,328.4,-546.1,216,-0.38,0.39,0.05,1487,49.1,1,Normal
22.17,338.9,-545.2,201.6,-0.38,0.4,0.04,1487,49.3,1,Normal
22.27,354.5,-536.5,185.5,-0.38,0.4,0.03,1487,49.1,1,Normal
22.36,363.2,-528.3,168,-0.38,0.41,0.02,1487,48.6,1,Normal
22.46,374.6,-527.8,153.6,-0.38,0.43,-0.01,1487,48.4,1,Normal
22.56,384.1,-519.1,133.1,-0.37,0.42,-0.01,1485.7,48.3,1,Normal
22.66,394.1,-511.7,117,-0.37,0.42,-0.03,1485.7,48.3,1,Normal
22.75,407.6,-507.8,101.7,-0.37,0.42,-0.06,1484.4,48.8,1,Normal
22.85,416.7,-500.9,86.4,-0.37,0.44,-0.07,1484.4,48.3,1,Normal
22.95,422,-494.8,72,-0.36,0.41,-0.09,1481.9,48.4,1,Normal
23.05,434.6,-487,56.3,-0.35,0.41,-0.11,1483.1,48.2,1,Normal
23.15,444.6,-478.7,36.2,-0.34,0.41,-0.12,1483.1,48.5,1,Normal
23.24,451.5,-467.8,18.3,-0.34,0.43,-0.13,1484.4,48.3,1,Normal
23.34,460.3,-461.7,-1.3,-0.32,0.42,-0.14,1485.7,48.6,1,Normal
23.44,469,-453.5,-19.6,-0.31,0.43,-0.15,1484.4,48.5,1,Normal
23.54,476.3,-443,-37.5,-0.32,0.43,-0.16,1484.4,48.5,1,Normal
23.63,486.8,-433.5,-55.4,-0.32,0.42,-0.2,1485.7,48.6,1,Normal
23.73,497.7,-422.2,-73.8,-0.31,0.42,-0.21,1484.4,48.5,1,Normal
23.83,505.9,-414.3,-89.5,-0.3,0.41,-0.23,1484.4,48.3,1,Normal
23.93,513.8,-401.7,-109.1,-0.28,0.4,-0.23,1484.4,48.3,1,Normal
24.02,521.6,-395.2,-127,-0.28,0.4,-0.26,1484.4,48.5,1,Normal
24.12,529.9,-385.2,-144.9,-0.26,0.4,-0.27,1484.4,48.5,1,Normal
24.22,538.1,-373.9,-158.4,-0.26,0.38,-0.28,1484.4,48.3,1,Normal
24.32,543.3,-368.7,-179.8,-0.24,0.39,-0.3,1481.9,48.2,1,Normal
24.41,548.6,-355.2,-194.7,-0.24,0.38,-0.32,1484.4,48.8,1,Normal
24.51,556.8,-346.5,-205.6,-0.24,0.38,-0.33,1485.7,48.8,1,Normal
24.61,553.3,-335.2,-217.8,-0.23,0.38,-0.36,1485.7,48.3,1,Normal
24.71,553.8,-322.2,-230,-0.24,0.37,-0.38,1483.1,48.2,1,Normal
24.81,552,-307.8,-247.9,-0.21,0.35,-0.4,1484.4,48.5,1,Normal
24.9,553.3,-291.7,-261.4,-0.22,0.35,-0.43,1485.7,49,1,Normal
25,549.4,-273.9,-275.8,-0.2,0.33,-0.44,1485.7,48.3,1,Normal
25.1,547.7,-262.2,-291.1,-0.18,0.33,-0.44,1484.4,48.3,1,Normal
25.2,549.4,-247.4,-304.2,-0.16,0.33,-0.44,1484.4,48.5,1,Normal
25.29,547.7,-234.3,-315.5,-0.16,0.32,-0.45,1485.7,48.8,1,Normal
25.39,545.9,-219.1,-326.5,-0.14,0.33,-0.46,1485.7,48.6,1,Normal
25.49,542.5,-209.6,-335.6,-0.11,0.34,-0.46,1483.1,48.2,1,Normal
25.59,540.7,-189.6,-349.2,-0.11,0.35,-0.47,1484.4,48.5,1,Normal
25.68,536.4,-173,-362.7,-0.1,0.32,-0.48,1485.7,48.8,1,Normal
25.78,530.7,-155.2,-378.4,-0.08,0.31,-0.5,1485.7,48.6,1,Normal
25.88,529.9,-142.2,-387.6,-0.06,0.31,-0.5,1483.1,48,1,Normal
25.98,520.7,-123.9,-396.7,-0.05,0.31,-0.49,1481.9,48.2,1,Normal
26.07,515.5,-111.7,-404.6,-0.02,0.31,-0.49,1484.4,49,1,Normal
26.17,507.2,-93,-410.7,-0.02,0.31,-0.5,1485.7,49,1,Normal
26.27,499,-74.3,-421.6,0.02,0.32,-0.48,1485.7,48.3,1,Normal
26.37,491.1,-56.5,-430.3,0.03,0.29,-0.48,1483.1,48.5,1,Normal
26.47,485,-38.3,-445.2,0.03,0.3,-0.51,1478,48.5,1,Normal
26.56,474.2,-24.8,-453.5,0.06,0.28,-0.51,1485.7,49,1,Normal
26.66,466.3,-6.1,-460,0.05,0.28,-0.52,1485.7,48.6,1,Normal
26.76,458.5,13,-474,0.07,0.27,-0.52,1483.1,48,1,Normal
26.86,448.1,27.8,-478.3,0.08,0.25,-0.51,1483.1,48.5,1,Normal
26.95,439.8,47,-488.4,0.1,0.26,-0.5,1485.7,49,1,Normal
27.05,429.4,71.7,-499.3,0.12,0.24,-0.5,1485.7,48.6,1,Normal
27.15,422,87.8,-506.3,0.13,0.25,-0.5,1484.4,48.3,1,Normal
27.25,410.7,103,-514.1,0.16,0.25,-0.48,1484.4,48.5,1,Normal
27.34,401.5,122.2,-524.6,0.16,0.23,-0.48,1485.7,48.8,1,Normal
27.44,392.8,135.7,-535.5,0.18,0.22,-0.48,1485.7,48.6,1,Normal
27.54,380.2,158.7,-538.6,0.19,0.21,-0.48,1484.4,48.3,1,Normal
27.64,371.1,173.9,-542.9,0.2,0.19,-0.48,1484.4,48.5,1,Normal
27.73,361.5,191.3,-547.3,0.23,0.19,-0.47,1478,48.8,1,Normal
27.83,353.2,205.7,-555.2,0.25,0.16,-0.46,1479.3,48.8,1,Normal
27.93,339.7,219.1,-559.5,0.28,0.17,-0.45,1478,48.1,1,Normal
28.03,328,233.9,-563.9,0.32,0.18,-0.43,1476.8,47.8,1,Normal
28.13,317.1,247,-569.1,0.34,0.17,-0.41,1476.8,48.5,1,Normal
28.22,304.1,260.4,-565.6,0.36,0.18,-0.4,1478,48.5,1,Normal
28.32,286.7,272.6,-565.2,0.4,0.17,-0.37,1478,48.1,1,Normal
28.42,271.5,288.3,-559.5,0.42,0.17,-0.37,1475.5,47.7,1,Normal
28.52,258.4,302.2,-557.8,0.43,0.15,-0.36,1476.8,48.5,1,Normal
28.61,241,311.3,-554.3,0.46,0.14,-0.36,1478,48.8,1,Normal
28.71,223.6,324.3,-549,0.45,0.11,-0.36,1479.3,48.6,1,Normal
28.81,210.5,334.8,-546.9,0.46,0.11,-0.34,1476.8,48,1,Normal
28.91,194.5,347,-536,0.47,0.1,-0.35,1472.9,48.1,1,Normal
29,178.8,353.5,-532,0.47,0.07,-0.34,1478,48.8,1,Normal
29.1,162.3,365.7,-526.8,0.48,0.06,-0.34,1480.6,48.6,1,Normal
29.2,147.5,374.8,-519.4,0.47,0.03,-0.33,1476.8,48,1,Normal
29.3,132.2,385.7,-513.7,0.47,0.02,-0.35,1476.8,48.3,1,Normal
29.4,117,394.8,-508.9,0.48,-0.01,-0.35,1478,48.5,1,Normal
29.49,100.9,407.8,-508.9,0.47,-0.03,-0.34,1479.3,48.6,1,Normal
29.59,87.4,416.5,-501.5,0.47,-0.04,-0.33,1478,48.3,1,Normal
29.69,70,427.8,-497.5,0.47,-0.06,-0.32,1476.8,48.3,1,Normal
29.79,54.8,435.2,-488.4,0.47,-0.07,-0.31,1476.8,48.5,1,Normal
29.88,36.1,441.7,-481,0.48,-0.07,-0.29,1478,48.3,1,Normal
29.98,20.4,452.6,-470.5,0.48,-0.08,-0.28,1478,48.3,1,Normal
30.08,1.7,460.9,-463.1,0.5,-0.1,-0.27,1476.8,47.8,1,Normal
30.18,-16.1,471.7,-450,0.48,-0.1,-0.25,1476.8,48.3,1,Normal
30.27,-35.2,479.6,-441.7,0.48,-0.12,-0.26,1478,48.5,1,Normal
30.37,-54.8,490.9,-433,0.48,-0.13,-0.26,1479.3,48.3,1,Normal
30.47,-76.6,500.4,-422.9,0.47,-0.14,-0.24,1476.8,48,1,Normal
30.57,-94.4,506.1,-415.1,0.47,-0.18,-0.23,1475.5,48.2,1,Normal
30.66,-110.9,513.5,-405.9,0.47,-0.19,-0.23,1478,48.8,1,Normal
30.76,-128.8,523.5,-393.7,0.45,-0.2,-0.22,1478,48.1,1,Normal
30.86,-145.3,531.7,-382.8,0.47,-0.21,-0.21,1475.5,47.7,1,Normal
30.96,-162.7,540.9,-372.3,0.47,-0.23,-0.19,1476.8,48.3,1,Normal
31.06,-180.1,545.2,-358.8,0.46,-0.23,-0.18,1478,48.3,1,Normal
31.15,-197.9,548.3,-350.9,0.45,-0.28,-0.18,1478,48.1,1,Normal
31.25,-212.3,551.3,-333.9,0.44,-0.3,-0.17,1478,48.3,1,Normal
31.35,-229.3,552.6,-320.8,0.43,-0.31,-0.17,1478,48.3,1,Normal
31.45,-243.2,550.9,-306.8,0.41,-0.34,-0.16,1479.3,48.6,1,Normal
31.54,-256.2,553.9,-295.5,0.41,-0.35,-0.16,1479.3,48.3,1,Normal
31.64,-272.3,554.8,-281.9,0.39,-0.37,-0.15,1476.8,48,1,Normal
31.74,-280.2,554.8,-266.7,0.39,-0.39,-0.13,1476.8,48,1,Normal
31.84,-294.5,553.5,-257.1,0.39,-0.38,-0.1,1479.3,48.6,1,Normal
31.93,-306.3,551.3,-245.7,0.39,-0.39,-0.09,1480.6,48.4,1,Normal
32.03,-321,549.6,-227.4,0.39,-0.4,-0.06,1478,48.3,1,Normal
32.13,-331.9,548.3,-211.2,0.38,-0.4,-0.05,1476.8,48,1,Normal
32.23,-343.7,538.3,-193.3,0.39,-0.41,-0.05,1476.8,48.3,1,Normal
32.32,-355,535.2,-178.9,0.36,-0.42,-0.03,1478,48.3,1,Normal
32.42,-363.2,530.4,-162.8,0.38,-0.43,-0.02,1478,48.3,1,Normal
32.52,-375.9,528.3,-145.3,0.37,-0.42,0.01,1478,48.3,1,Normal
32.62,-384.1,515.7,-132.2,0.35,-0.43,0.03,1478,49,1,Normal
32.72,-396.7,515.2,-113.9,0.38,-0.42,0.05,1478,49,1,Normal
32.81,-405.4,503.5,-96.5,0.36,-0.42,0.07,1470.4,48.5,1,Normal
32.91,-415.4,495.7,-84.2,0.35,-0.41,0.09,1469.1,48.2,1,Normal
33.01,-426.8,490.9,-63.7,0.35,-0.42,0.1,1467.8,48.4,1,Normal
33.11,-435,483,-45,0.34,-0.43,0.1,1470.4,49,1,Normal
33.2,-444.2,473.9,-31.4,0.34,-0.43,0.12,1470.4,48.5,1,Normal
33.3,-455,467.4,-13.1,0.32,-0.43,0.13,1467.8,48.2,1,Normal
33.4,-462.4,456.1,4.4,0.31,-0.42,0.14,1466.5,48.4,1,Normal
33.5,-468.1,450,20.9,0.32,-0.43,0.15,1470.4,48.8,1,Normal
33.59,-481.6,441.7,39.7,0.31,-0.42,0.17,1471.6,48.6,1,Normal
33.69,-487.7,429.1,58.9,0.3,-0.41,0.19,1467.8,48.2,1,Normal
33.79,-498.1,420.4,79,0.31,-0.42,0.22,1466.5,48.6,1,Normal
33.89,-507.7,413,96.5,0.28,-0.4,0.23,1469.1,48.7,1,Normal
33.98,-513.8,402.6,114.8,0.28,-0.39,0.24,1470.4,48.5,1,Normal
34.08,-527.2,391.3,133.1,0.27,-0.39,0.26,1467.8,48.4,1,Normal
34.18,-535.1,381.7,150.1,0.25,-0.38,0.27,1469.1,48.5,1,Normal
34.28,-535.9,374.3,165.8,0.25,-0.39,0.29,1469.1,48.5,1,Normal
34.38,-545.9,362.2,182,0.23,-0.39,0.3,1467.8,48.7,1,Normal
34.47,-548.6,354.3,196.4,0.24,-0.38,0.32,1469.1,48.5,1,Normal
34.57,-551.2,342.6,209.5,0.24,-0.38,0.36,1467.8,48.4,1,Normal
34.67,-556.4,330.9,224.3,0.23,-0.37,0.37,1469.1,48.5,1,Normal
34.77,-553.8,316.5,237,0.22,-0.36,0.39,1470.4,49,1,Normal
34.86,-555.1,300.4,251.8,0.19,-0.35,0.41,1470.4,48.8,1,Normal
34.96,-552.9,286.5,264.5,0.18,-0.36,0.42,1469.1,48.2,1,Normal
35.06,-551.6,273.5,278.5,0.18,-0.35,0.42,1466.5,48.4,1,Normal
35.16,-547.3,259.1,293.3,0.17,-0.34,0.42,1470.4,49.2,1,Normal
35.25,-549.4,242.2,304.6,0.15,-0.34,0.45,1471.6,48.6,1,Normal
35.35,-546.4,230.9,316.9,0.13,-0.33,0.44,1466.5,48.4,1,Normal
35.45,-545.9,216.1,331.7,0.12,-0.34,0.46,1469.1,49,1,Normal
35.55,-542,199.1,344.8,0.11,-0.33,0.47,1470.4,48.8,1,Normal
35.65,-540.7,183,354.8,0.09,-0.33,0.48,1469.1,48.5,1,Normal
35.74,-533.8,170,366.2,0.07,-0.32,0.48,1469.1,48.5,1,Normal
35.84,-532,153.9,373.6,0.05,-0.31,0.49,1469.1,48.7,1,Normal
35.94,-521.6,135.2,385.8,0.05,-0.31,0.47,1470.4,48.5,1,Normal
36.04,-515.1,120.4,397.6,0.03,-0.32,0.48,1469.1,48.7,1,Normal
36.13,-509,103.5,404.1,-0.02,-0.33,0.49,1470.4,48.8,1,Normal
36.23,-503.8,87.4,415.9,-0.01,-0.3,0.48,1469.1,48.2,1,Normal
36.33,-495.9,68.7,427.3,-0.02,-0.3,0.48,1466.5,48.4,1,Normal
36.43,-487.2,52.6,436.9,-0.04,-0.3,0.5,1469.1,48.7,1,Normal
36.52,-479,39.1,443.4,-0.06,-0.29,0.5,1469.1,48.5,1,Normal
36.62,-466.3,18.7,451.7,-0.06,-0.29,0.51,1467.8,48.2,1,Normal
36.72,-462.4,0.4,462.2,-0.07,-0.27,0.5,1467.8,48.7,1,Normal
36.82,-453.7,-17.8,469.2,-0.08,-0.27,0.51,1470.4,49,1,Normal
36.91,-442.4,-37.8,481,-0.09,-0.26,0.5,1469.1,48.5,1,Normal
37.01,-437.2,-55.7,491.4,-0.12,-0.26,0.49,1466.5,47.9,1,Normal
37.11,-428.9,-71.7,498.9,-0.13,-0.26,0.5,1467.8,48.4,1,Normal
37.21,-416.7,-92.6,505.8,-0.15,-0.24,0.48,1470.4,49,1,Normal
37.31,-405,-107.8,517.2,-0.15,-0.24,0.49,1470.4,48.5,1,Normal
37.4,-398.9,-126.5,523.7,-0.17,-0.22,0.5,1467.8,48.4,1,Normal
37.5,-389.3,-142.6,534.2,-0.17,-0.2,0.48,1467.8,48.7,1,Normal
37.6,-377.2,-161.7,546.9,-0.2,-0.21,0.48,1469.1,48.7,1,Normal
37.7,-369.3,-176.5,545.1,-0.22,-0.19,0.48,1467.8,48.4,1,Normal
37.79,-360.2,-193.9,551.7,-0.24,-0.18,0.46,1471.6,48.6,1,Normal
37.89,-346.7,-210,556.9,-0.26,-0.19,0.45,1470.4,48.5,1,Normal
37.99,-332.8,-225.2,562.1,-0.31,-0.2,0.44,1470.4,48.5,1,Normal
38.09,-323.2,-238.3,558.2,-0.33,-0.19,0.41,1471.6,48.8,1,Normal
38.18,-309.7,-252.6,561.3,-0.35,-0.19,0.41,1472.9,48.6,1,Normal
38.28,-294.9,-266.1,563,-0.36,-0.18,0.4,1470.4,48.3,1,Normal
38.38,-280.6,-280.9,560.8,-0.4,-0.17,0.38,1469.1,48.5,1,Normal
38.48,-263.2,-291.7,558.2,-0.41,-0.15,0.37,1470.4,48.8,1,Normal
38.57,-251,-303.9,552.5,-0.43,-0.15,0.36,1471.6,48.6,1,Normal
38.67,-234,-315.7,553.8,-0.44,-0.12,0.37,1471.6,48.6,1,Normal
38.77,-216.6,-326.5,546.4,-0.45,-0.11,0.36,1469.1,48.5,1,Normal
38.87,-202.7,-337,540.3,-0.45,-0.09,0.34,1470.4,48.8,1,Normal
38.97,-186.2,-346.5,536,-0.46,-0.08,0.35,1472.9,48.6,1,Normal
39.06,-173.1,-356.1,528.5,-0.48,-0.07,0.34,1471.6,48.3,1,Normal
39.16,-157,-367.8,526.4,-0.48,-0.05,0.34,1469.1,48,1,Normal
39.26,-142.7,-380.4,522.4,-0.47,-0.04,0.33,1470.4,49,1,Normal
39.36,-127.5,-388.3,516.3,-0.47,-0.01,0.35,1472.9,48.8,1,Normal
39.45,-110.1,-399.1,511.5,-0.47,0,0.35,1471.6,48.3,1,Normal
39.55,-96.6,-409.1,508.5,-0.47,0.03,0.33,1469.1,48.2,1,Normal
39.65,-79.6,-418.3,499.7,-0.48,0.03,0.33,1471.6,48.8,1,Normal
39.75,-63.9,-425.7,491,-0.49,0.05,0.29,1471.6,48.8,1,Normal
39.84,-45.7,-435.7,482.3,-0.49,0.06,0.29,1471.6,48.6,1,Normal
39.94,-32.2,-444.8,475.3,-0.5,0.06,0.28,1470.4,48.3,1,Normal
40.04,-13.5,-455.7,465.2,-0.51,0.07,0.28,1471.6,48.6,1,Normal
40.14,8.3,-466.5,459.1,-0.5,0.08,0.27,1471.6,48.8,1,Normal
40.23,26.1,-478.3,443.9,-0.49,0.11,0.26,1471.6,48.8,1,Normal
40.33,44.4,-484.3,437.8,-0.49,0.12,0.25,1470.4,48.3,1,Normal
40.43,65.7,-492.2,425.5,-0.48,0.15,0.25,1470.4,48.3,1,Normal
40.53,80,-500.9,420.3,-0.48,0.16,0.24,1470.4,48.5,1,Normal
40.63,97.4,-509.1,408.1,-0.48,0.18,0.23,1471.6,48.8,1,Normal
40.72,114.4,-517.8,404.6,-0.47,0.18,0.22,1470.4,48.5,1,Normal
40.82,134.9,-528.3,391.1,-0.47,0.2,0.21,1469.1,48.5,1,Normal
40.92,154.4,-530.4,379.7,-0.48,0.21,0.2,1471.6,48.8,1,Normal
41.02,171,-542.6,370.1,-0.46,0.22,0.19,1471.6,48.8,1,Normal
41.11,185.8,-545.2,357,-0.47,0.26,0.19,1471.6,48.6,1,Normal
41.21,202.7,-548.7,342.2,-0.45,0.26,0.18,1469.1,48.5,1,Normal
41.31,218.8,-548.7,333,-0.43,0.3,0.17,1469.1,48.5,1,Normal
41.41,233.6,-551.3,317.3,-0.41,0.33,0.17,1471.6,48.8,1,Normal
41.5,247.5,-553,304.2,-0.41,0.34,0.16,1471.6,48.8,1,Normal
41.6,261,-554.8,291.1,-0.41,0.36,0.15,1471.6,48.8,1,Normal
41.7,272.3,-552.2,277.6,-0.41,0.36,0.14,1470.4,48.8,1,Normal
41.8,287.1,-552.6,261.9,-0.39,0.38,0.11,1469.1,48.5,1,Normal
41.9,298,-550,251,-0.39,0.39,0.1,1471.6,48.6,1,Normal
41.99,310.6,-548.7,236.6,-0.4,0.39,0.08,1470.4,48.5,1,Normal
42.09,324.1,-547,220.8,-0.39,0.41,0.07,1470.4,48.5,1,Normal
42.19,337.6,-544.8,207.3,-0.38,0.41,0.04,1470.4,48.5,1,Normal
42.29,348.5,-543,190.3,-0.39,0.42,0.04,1471.6,48.8,1,Normal
42.38,359.8,-538.7,176.8,-0.39,0.42,0.03,1471.6,48.6,1,Normal
42.48,367.6,-533,161.5,-0.37,0.41,0,1470.4,47.8,1,Normal
42.58,379.3,-523,143.2,-0.38,0.43,-0.01,1470.4,48.1,1,Normal
42.68,389.3,-517,123.9,-0.37,0.41,-0.05,1471.6,48.1,1,Normal
42.77,400.7,-508.7,107.8,-0.38,0.42,-0.05,1475.5,47.7,1,Normal
42.87,412.4,-503.9,89,-0.37,0.42,-0.08,1472.9,48.1,1,Normal
42.97,418.5,-497.4,73.3,-0.35,0.42,-0.08,1475.5,48.2,1,Normal
43.07,429.4,-492.6,59.8,-0.34,0.42,-0.09,1475.5,48.2,1,Normal
43.16,437.6,-486.5,45.4,-0.35,0.42,-0.11,1474.2,47.7,1,Normal
43.26,447.6,-471.3,30.1,-0.33,0.43,-0.12,1472.9,47.7,1,Normal
43.36,455.9,-464.3,10.9,-0.31,0.43,-0.12,1474.2,48.2,1,Normal
43.46,465,-457,-13.1,-0.32,0.44,-0.16,1475.5,48.7,1,Normal
43.56,476.8,-444.8,-30.1,-0.31,0.42,-0.17,1476.8,48,1,Normal
43.65,483.7,-436.5,-49.8,-0.3,0.41,-0.19,1475.5,48,1,Normal
43.75,493.7,-428.7,-66.8,-0.31,0.41,-0.19,1474.2,47.9,1,Normal
43.85,502.4,-415.2,-83.4,-0.28,0.4,-0.21,1474.2,47.9,1,Normal
43.95,512,-408.3,-102.1,-0.27,0.4,-0.22,1475.5,48,1,Normal
44.04,520.3,-397.8,-119.1,-0.28,0.39,-0.24,1474.2,48.2,1,Normal
44.14,525.5,-390.9,-137.5,-0.27,0.4,-0.27,1475.5,48.2,1,Normal
44.24,535.9,-379.1,-157.6,-0.25,0.4,-0.27,1476.8,48.5,1,Normal
44.34,537.7,-374.8,-174.1,-0.25,0.4,-0.29,1475.5,48.2,1,Normal
44.43,547.7,-359.1,-188.5,-0.24,0.38,-0.31,1474.2,47.9,1,Normal
44.53,552.5,-351.7,-201.6,-0.24,0.38,-0.33,1471.6,47.9,1,Normal
44.63,552.5,-339.1,-212.5,-0.23,0.36,-0.36,1474.2,48.2,1,Normal
44.73,554.6,-328.7,-229.1,-0.22,0.36,-0.37,1474.2,47.9,1,Normal
44.82,555.5,-313.9,-240.5,-0.22,0.35,-0.4,1472.9,47.9,1,Normal
44.92,551.6,-298.3,-253.1,-0.21,0.34,-0.41,1474.2,48.2,1,Normal
45.02,553.8,-281.7,-268,-0.19,0.35,-0.41,1474.2,48.2,1,Normal
45.12,550.7,-265.2,-284.6,-0.18,0.34,-0.43,1475.5,48.5,1,Normal
45.22,549.4,-250.4,-297.7,-0.16,0.34,-0.44,1475.5,48.2,1,Normal
45.31,550.3,-239.6,-309.4,-0.15,0.33,-0.45,1472.9,47.9,1,Normal
45.41,552.5,-226.1,-323.8,-0.13,0.33,-0.46,1474.2,48.4,1,Normal
45.51,545.1,-211.7,-336.1,-0.12,0.33,-0.47,1475.5,48.2,1,Normal
45.61,544.2,-197,-346.5,-0.12,0.32,-0.47,1475.5,48,1,Normal
45.7,542.5,-181.3,-358.3,-0.08,0.32,-0.48,1474.2,48.2,1,Normal
45.8,535.5,-162.6,-370.1,-0.07,0.33,-0.49,1474.2,48.2,1,Normal
45.9,528.5,-144.8,-383.6,-0.06,0.33,-0.48,1476.8,48.5,1,Normal
46,524.6,-130,-391.9,-0.04,0.31,-0.48,1475.5,48,1,Normal
46.09,515.1,-117,-398.5,-0.03,0.3,-0.47,1474.2,47.9,1,Normal
46.19,508.5,-98.7,-409.4,-0.02,0.31,-0.48,1474.2,48.2,1,Normal
46.29,501.6,-85.2,-416.4,0,0.3,-0.5,1475.5,48.5,1,Normal
46.39,495.1,-64.3,-425.5,0.03,0.29,-0.5,1476.8,48.5,1,Normal
46.48,483.7,-47.4,-435.1,0.02,0.29,-0.5,1475.5,48,1,Normal
46.58,478.1,-29.1,-445.2,0.04,0.27,-0.52,1472.9,47.7,1,Normal
46.68,469.4,-11.3,-457.8,0.05,0.26,-0.52,1474.2,48.2,1,Normal
46.78,462,4.8,-465.2,0.07,0.27,-0.52,1476.8,48.7,1,Normal
46.88,452.4,27.4,-477.5,0.06,0.26,-0.49,1476.8,48.3,1,Normal
46.97,440.7,41.3,-484,0.11,0.26,-0.49,1474.2,47.9,1,Normal
47.07,432.8,63.9,-494.1,0.11,0.25,-0.5,1474.2,48.2,1,Normal
47.17,422.8,81.3,-502.8,0.14,0.26,-0.49,1475.5,48.2,1,Normal
47.27,413.3,97,-510.6,0.15,0.23,-0.49,1475.5,48.2,1,Normal
47.36,405.9,117.8,-522.9,0.15,0.22,-0.49,1472.9,48.1,1,Normal
47.46,396.3,133.5,-529,0.17,0.21,-0.49,1474.2,48.2,1,Normal
47.56,384.6,148.7,-537.7,0.18,0.21,-0.49,1475.5,48.7,1,Normal
47.66,375.4,164.3,-543.8,0.2,0.21,-0.48,1475.5,48.2,1,Normal
47.75,364.5,182.6,-550.8,0.22,0.18,-0.46,1480.6,48.2,1,Normal
47.85,354.1,198.3,-552.1,0.25,0.19,-0.46,1480.6,48.6,1,Normal
47.95,341.9,211.7,-558.6,0.27,0.18,-0.44,1481.9,48.7,1,Normal
48.05,329.3,229.1,-559.5,0.32,0.18,-0.43,1481.9,48.4,1,Normal
48.15,324.5,246.5,-564.8,0.33,0.18,-0.41,1479.3,48.1,1,Normal
48.24,308.9,257,-566.9,0.36,0.17,-0.41,1479.3,48.3,1,Normal
48.34,292.3,271.3,-566.1,0.39,0.17,-0.39,1480.6,48.9,1,Normal
48.44,277.5,284.3,-564.8,0.39,0.16,-0.38,1481.9,48.7,1,Normal
48.54,262.3,297.8,-557.3,0.42,0.14,-0.37,1479.3,48.1,1,Normal
48.63,244.5,307.8,-552.5,0.43,0.14,-0.37,1478,48.1,1,Normal
48.73,232.7,317.8,-544.7,0.46,0.14,-0.35,1479.3,48.6,1,Normal
48.83,214,329.6,-543.4,0.47,0.12,-0.33,1480.6,48.6,1,Normal
48.93,199.2,340.4,-537.7,0.47,0.1,-0.34,1481.9,48.4,1,Normal
49.02,184,348.7,-535.1,0.48,0.09,-0.34,1479.3,48.1,1,Normal
49.12,169.2,363,-525.5,0.46,0.06,-0.34,1480.6,48.6,1,Normal
49.22,151,370,-522.9,0.46,0.04,-0.34,1483.1,48.9,1,Normal
49.32,134.4,383.9,-519.8,0.44,0.03,-0.36,1481.9,48.4,1,Normal
49.41,121.8,392.2,-516.7,0.46,0,-0.35,1479.3,48.1,1,Normal
49.51,107.9,403.5,-507.6,0.46,-0.01,-0.34,1480.6,48.6,1,Normal
49.61,96.1,412.6,-504.5,0.47,-0.03,-0.31,1481.9,48.9,1,Normal
49.71,76.6,421.3,-501.9,0.48,-0.04,-0.32,1472.9,48.4,1,Normal
49.81,63.1,432.2,-493.6,0.48,-0.03,-0.3,1480.6,48.4,1,Normal
