Time ,E1,I1,AI8,AI7,Pm,P1
0,7.8,0.017,38.9,0.0091,108.2,0.1
0.098,23.9,-0.004,40.2,0.0106,108.5,-0.1
0.195,40.9,0.002,41.4,0.0106,108.6,0.1
0.293,57.8,0.004,38.9,0.006,107.9,0.2
0.391,71.3,0.002,36.3,0.0106,108.1,0.1
0.488,89.1,-0.006,42.7,0.0167,109.4,-0.6
0.586,101.7,-0.002,32.5,0.0091,107.5,-0.2
0.684,117.8,0.004,40.2,0.0091,108.3,0.5
0.781,130,0,41.4,0.0106,108.6,0
0.879,146.1,0.01,40.2,0.0075,108.2,1.5
0.977,158.3,0,38.9,0.0106,108.4,0
1.074,170,0.013,38.9,0.0121,108.5,2.1
1.172,180,0.004,41.4,0.0106,108.6,0.8
1.27,194.3,-0.002,40.2,0.0091,108.3,-0.4
1.367,205.7,0,37.6,0.0106,108.2,0
1.465,218.3,-0.006,41.4,0.0091,108.5,-1.4
1.563,228.7,0,40.2,0.0075,108.2,0
1.66,240.4,0.004,38.9,0.0091,108.2,1
1.758,250.4,0.002,38.9,0.0106,108.4,0.5
1.855,260.4,-0.002,40.2,0.0075,108.2,-0.5
1.953,269.6,0,40.2,0.0075,108.2,0
2.051,275.7,0.006,41.4,0.0106,108.6,1.7
2.148,287.8,-0.002,40.2,0.0106,108.5,-0.6
2.246,294.8,0.006,41.4,0.0091,108.5,1.9
2.344,303,0.004,40.2,0.006,108,1.3
2.441,311.7,0.002,36.3,0.0091,107.9,0.7
2.539,323.5,-0.004,42.7,0.0167,109.4,-1.4
2.637,330.9,0.002,42.7,0.0091,108.6,0.7
2.734,340.9,-0.002,38.9,0.0091,108.2,-0.7
2.832,350,-0.008,41.4,0.0121,108.8,-2.9
2.93,357.4,0.006,41.4,0.0091,108.5,2.3
3.027,371.7,0.008,40.2,0.0091,108.3,3.1
3.125,376.1,-0.002,40.2,0.0106,108.5,-0.8
3.223,384.8,-0.01,41.4,0.0137,109,-4
3.32,395.2,-0.006,40.2,0.0091,108.3,-2.5
3.418,400.9,-0.004,38.9,0.0091,108.2,-1.7
3.516,409.6,0.002,41.4,0.0106,108.6,0.9
3.613,417.8,0.006,40.2,0.0091,108.3,2.6
3.711,424.8,-0.004,38.9,0.0075,108,-1.8
3.809,430,-0.006,22.3,0.0106,106.6,-2.7
3.906,443,-0.004,22.3,0.0091,106.5,-1.9
4.004,446.1,0.002,22.3,0.0091,106.5,0.9
4.102,454.3,0.002,21,0.0091,106.3,1
4.199,461.7,0.008,22.3,0.0121,106.8,3.9
4.297,458.7,0.002,23.6,0.0091,106.6,1
4.395,462.2,-0.002,22.3,0.006,106.1,-1
4.492,461.7,-0.008,18.5,0.0075,105.9,-3.9
4.59,464.8,-0.004,23.6,0.0183,107.6,-2
4.688,462.6,-0.004,19.7,0.0106,106.4,-1.9
4.785,463.5,0,22.3,0.0106,106.6,0
4.883,464.8,-0.008,22.3,0.0091,106.5,-3.9
4.98,466.1,0.006,23.6,0.0091,106.6,2.9
5.078,463,-0.013,22.3,0.0075,106.3,-5.8
5.176,461.3,-0.008,22.3,0.0075,106.3,-3.9
5.273,458.3,0.004,24.9,0.0106,106.9,1.9
5.371,457,0.002,26.1,0.0091,106.9,1
5.469,454.3,0.002,22.3,0.0091,106.5,1
5.566,450,-0.008,23.6,0.0091,106.6,-3.8
5.664,445.2,0.006,22.3,0.0075,106.3,2.8
5.762,440.4,0,23.6,0.0075,106.4,0
5.859,433.9,0.002,22.3,0.0091,106.5,0.9
5.957,428.7,0.008,23.6,0.0075,106.4,3.6
6.055,421.7,0.006,22.3,0.006,106.1,2.7
6.152,418.7,-0.002,21,0.0075,106.2,-0.9
6.25,410.9,0.004,23.6,0.0091,106.6,1.7
6.348,400.9,0.01,24.9,0.0091,106.7,4.2
6.445,397.4,-0.002,22.3,0.0075,106.3,-0.8
6.543,384.3,-0.002,19.7,0.0091,106.2,-0.8
6.641,383,-0.002,26.1,0.0152,107.5,-0.8
6.738,373.9,0.008,22.3,0.0091,106.5,3.1
6.836,364.3,0.004,19.7,0.0091,106.2,1.5
6.934,357.8,0.006,23.6,0.0091,106.6,2.3
7.031,347.4,0.017,23.6,0.0091,106.6,5.8
7.129,342.2,0.004,22.3,0.0075,106.3,1.4
7.227,330.4,0.004,22.3,0.0091,106.5,1.4
7.324,327.4,0.015,24.9,0.0106,106.9,4.8
7.422,316.1,0,24.9,0.0091,106.7,0
7.52,310,0.006,23.6,0.0091,106.6,2
7.617,302.6,0.006,23.6,0.0091,106.6,1.9
7.715,297,0.008,24.9,0.0167,107.5,2.5
7.813,288.3,-0.002,22.3,0.0091,106.5,-0.6
7.91,273.9,0,23.6,0.0106,106.8,0
8.008,263.5,0.008,24.9,0.0091,106.7,2.2
8.105,253.5,-0.002,23.6,0.0075,106.4,-0.5
8.203,241.3,-0.006,21,0.0075,106.2,-1.5
8.301,230,-0.006,21,0.0106,106.5,-1.4
8.398,215.7,0,26.1,0.0091,106.9,0
8.496,203.9,-0.002,23.6,0.0075,106.4,-0.4
8.594,188.7,-0.008,19.7,0.0091,106.2,-1.6
8.691,178.7,0.006,24.9,0.0137,107.2,1.1
8.789,160.9,-0.004,26.1,0.0091,106.9,-0.7
8.887,147.4,0.015,32.5,0.0091,107.5,2.2
8.984,134.8,-0.006,33.8,0.0106,107.8,-0.8
9.082,119.6,-0.002,33.8,0.0091,107.7,-0.3
9.18,107,0.006,32.5,0.006,107.2,0.7
9.277,96.1,0.013,32.5,0.0091,107.5,1.2
9.375,86.1,-0.006,33.8,0.0121,108,-0.5
9.473,69.6,-0.006,33.8,0.0075,107.5,-0.4
9.57,54.8,-0.008,32.5,0.0106,107.7,-0.5
9.668,39.6,0.004,32.5,0.006,107.2,0.2
9.766,26.5,0.006,32.5,0.0045,107,0.2
9.863,7.8,0.002,32.5,0.0075,107.4,0
9.961,-6.5,0.013,32.5,0.0075,107.4,-0.1
10.059,-23.5,0.008,33.8,0.0075,107.5,-0.2
10.156,-40.4,-0.004,32.5,0.006,107.2,0.2
10.254,-56.1,-0.004,31.2,0.0075,107.2,0.2
10.352,-69.6,0,31.2,0.0091,107.4,0
10.449,-87.4,0.002,35.1,0.0091,107.8,-0.2
10.547,-100.9,-0.01,31.2,0.0045,106.9,1.1
10.645,-120.4,-0.017,30,0.006,106.9,2
10.742,-130.4,-0.004,32.5,0.0121,107.9,0.5
10.84,-144.3,0.006,36.3,0.0075,107.8,-0.9
10.938,-157.4,0.002,31.2,0.0091,107.4,-0.3
11.035,-169.1,-0.008,33.8,0.0075,107.5,1.4
11.133,-179.6,-0.008,33.8,0.0075,107.5,1.5
11.23,-195.7,0.004,31.2,0.0075,107.2,-0.8
11.328,-207.4,0,32.5,0.0091,107.5,0
11.426,-220.9,-0.002,33.8,0.0121,108,0.5
11.523,-227.4,-0.002,33.8,0.0075,107.5,0.5
11.621,-239.1,0.01,32.5,0.0045,107,-2.5
11.719,-252.2,-0.006,33.8,0.0075,107.5,1.6
11.816,-260,0.002,33.8,0.0075,107.5,-0.5
11.914,-270,0,31.2,0.006,107.1,0
12.012,-281.7,-0.006,32.5,0.0091,107.5,1.8
12.109,-289.6,0.002,32.5,0.0091,107.5,-0.6
12.207,-297.8,0.008,31.2,0.006,107.1,-2.5
12.305,-306.1,0.002,31.2,0.0075,107.2,-0.6
12.402,-313.5,0.006,32.5,0.0121,107.9,-2
12.5,-323.5,0,33.8,0.0091,107.7,0
12.598,-331.3,0.008,31.2,0.006,107.1,-2.8
12.695,-340.9,-0.002,28.7,0.0075,107,0.7
12.793,-351.7,0,33.8,0.0091,107.7,0
12.891,-359.1,0.004,36.3,0.0075,107.8,-1.5
12.988,-366.1,0,32.5,0.0106,107.7,0
13.086,-379.1,0.006,33.8,0.0091,107.7,-2.4
13.184,-387,-0.004,32.5,0.0075,107.4,1.6
13.281,-393,0.002,32.5,0.0075,107.4,-0.8
13.379,-402.6,-0.008,31.2,0.0075,107.2,3.4
13.477,-407.4,-0.006,33.8,0.0106,107.8,2.6
13.574,-415.7,0.004,33.8,0.0075,107.5,-1.7
13.672,-424.3,0.002,33.8,0.006,107.3,-0.9
13.77,-432.2,0,33.8,0.0075,107.5,0
13.867,-440.4,0.008,15.9,0.006,105.5,-3.7
13.965,-447,0,14.6,0.006,105.3,0
14.063,-450.4,0.002,15.9,0.0075,105.6,-0.9
14.16,-457.4,-0.01,15.9,0.0075,105.6,4.8
14.258,-463,-0.002,15.9,0.006,105.5,1
14.355,-460.9,-0.006,14.6,0.0075,105.5,2.9
14.453,-467.4,-0.008,17.2,0.0106,106.1,3.9
14.551,-462.6,0.01,17.2,0.0091,105.9,-4.9
14.648,-466.5,0.006,18.5,0.006,105.7,-2.9
14.746,-463.5,-0.002,13.4,0.0075,105.4,1
14.844,-465.7,0,15.9,0.0075,105.6,0
14.941,-465.7,0.002,22.3,0.0045,106,-1
15.039,-465.7,0.004,15.9,0.006,105.5,-2
15.137,-461.3,-0.013,17.2,0.0075,105.8,5.8
15.234,-457.4,0.002,17.2,0.0045,105.4,-1
15.332,-456.5,-0.004,17.2,0.0045,105.4,1.9
15.43,-451.7,-0.008,15.9,0.006,105.5,3.8
15.527,-452.2,-0.015,17.2,0.0106,106.1,6.6
15.625,-448.3,0.002,19.7,0.0045,105.7,-0.9
15.723,-445.2,-0.008,17.2,0.0029,105.3,3.7
15.82,-438.7,0,18.5,0.006,105.7,0
15.918,-429.6,-0.004,17.2,0.0045,105.4,1.8
16.016,-427.4,0.013,15.9,0.006,105.5,-5.4
16.113,-418.7,0.006,15.9,0.006,105.5,-2.6
16.211,-413,-0.01,17.2,0.006,105.6,4.3
16.309,-402.2,0.004,18.5,0.0075,105.9,-1.7
16.406,-395.7,0.004,14.6,0.0045,105.2,-1.7
16.504,-389.1,-0.008,17.2,0.0075,105.8,3.3
16.602,-383.9,0.006,19.7,0.0091,106.2,-2.4
16.699,-375.7,0,17.2,0.0029,105.3,0
16.797,-368.3,-0.01,14.6,0.0045,105.2,3.9
16.895,-357.8,0,17.2,0.006,105.6,0
16.992,-353.9,0.002,24.9,0.006,106.4,-0.7
17.09,-345.2,0.008,15.9,0.006,105.5,-2.9
17.188,-337,-0.006,17.2,0.0075,105.8,2.1
17.285,-326.5,-0.002,19.7,0.0075,106,0.7
17.383,-323,-0.006,17.2,0.0045,105.4,2
17.48,-311.7,-0.01,15.9,0.006,105.5,3.3
17.578,-303.9,0,18.5,0.0106,106.2,0
17.676,-293.9,0.002,18.5,0.0045,105.6,-0.6
17.773,-289.6,0.008,18.5,0.0045,105.6,-2.4
17.871,-277.8,0.013,17.2,0.006,105.6,-3.5
17.969,-266.5,-0.002,17.2,0.006,105.6,0.6
18.066,-253,-0.006,15.9,0.006,105.5,1.6
18.164,-244.3,-0.013,15.9,0.0075,105.6,3.1
18.262,-231.3,-0.01,17.2,0.006,105.6,2.4
18.359,-220.4,0.002,17.2,0.0045,105.4,-0.5
18.457,-203.5,0.002,14.6,0.0045,105.2,-0.4
18.555,-190.9,0.008,18.5,0.0091,106.1,-1.6
18.652,-178.3,0.002,18.5,0.0075,105.9,-0.4
18.75,-163.9,0.004,17.2,0.0045,105.4,-0.7
18.848,-148.7,-0.01,23.6,0.006,106.3,1.6
18.945,-133,-0.008,26.1,0.006,106.5,1.1
19.043,-124.8,-0.002,31.2,0.006,107.1,0.3
19.141,-110,0,24.9,0.006,106.4,0
19.238,-99.6,0.002,26.1,0.006,106.5,-0.2
19.336,-87,-0.008,24.9,0.006,106.4,0.7
19.434,-75.7,0.004,24.9,0.0045,106.2,-0.3
19.531,-59.6,-0.006,24.9,0.006,106.4,0.4
19.629,-47,0.002,24.9,0.0075,106.6,-0.1
19.727,-24.8,-0.004,27.4,0.0045,106.5,0.1
19.824,-8.7,-0.013,24.9,0.0029,106.1,0.1
19.922,3.5,0.017,24.9,0.0045,106.2,0.1
20.02,22.6,0.004,24.9,0.0029,106.1,0.1
20.117,40.9,0.002,23.6,0.0045,106.1,0.1
20.215,55.7,0.004,24.9,0.006,106.4,0.2
20.313,68.7,0,26.1,0.0045,106.4,0
20.41,85.2,-0.002,26.1,0.0045,106.4,-0.2
20.508,97.4,0.002,23.6,0.0029,105.9,0.2
20.605,114.8,-0.004,24.9,0.006,106.4,-0.5
20.703,130.4,0.004,27.4,0.006,106.7,0.5
20.801,144.8,0.002,24.9,0.0029,106.1,0.3
20.898,156.1,-0.002,22.3,0.0029,105.8,-0.3
20.996,170.9,0.004,24.9,0.006,106.4,0.7
21.094,181.3,-0.006,30,0.0045,106.8,-1.1
21.191,190.9,0,24.9,0.0045,106.2,0
21.289,204.8,-0.006,24.9,0.0075,106.6,-1.3
21.387,215.7,0.004,26.1,0.006,106.5,0.9
21.484,227,0,26.1,0.0045,106.4,0
21.582,237.4,0.002,22.3,0.0045,106,0.5
21.68,248.3,-0.006,24.9,0.0075,106.6,-1.6
21.777,257.8,0.008,27.4,0.0045,106.5,2.2
21.875,268.3,0,24.9,0.0029,106.1,0
21.973,278.3,0.008,27.4,0.0045,106.5,2.3
22.07,287.8,0.002,23.6,0.0045,106.1,0.6
22.168,298.3,-0.004,22.3,0.0029,105.8,-1.3
22.266,303.5,0.006,23.6,0.0045,106.1,1.9
22.363,314.3,0.006,24.9,0.006,106.4,2
22.461,320.9,0.01,26.1,0.0045,106.4,3.4
22.559,330.4,0.008,23.6,0.0045,106.1,2.8
22.656,341.3,-0.002,24.9,0.0075,106.6,-0.7
22.754,348.3,0.002,26.1,0.006,106.5,0.7
22.852,358.7,0,26.1,0.0029,106.2,0
22.949,365.7,0.004,22.3,0.0029,105.8,1.5
23.047,377,-0.006,24.9,0.006,106.4,-2.4
23.145,381.3,0,28.7,0.0045,106.6,0
23.242,389.6,-0.002,23.6,0.0045,106.1,-0.8
23.34,400.4,-0.002,24.9,0.006,106.4,-0.8
23.438,406.1,0.006,26.1,0.0075,106.7,2.6
23.535,415.2,-0.008,23.6,0.0029,105.9,-3.5
23.633,425.7,0.004,24.9,0.006,106.4,1.8
23.73,431.3,-0.004,26.1,0.0075,106.7,-1.8
23.828,438.3,0.002,9.5,0.006,104.8,0.9
23.926,446.5,0.004,5.7,0.0014,103.9,1.9
24.023,452.6,-0.008,3.2,0.006,104.1,-3.8
24.121,460.4,0.008,4.4,0.0029,103.9,3.9
24.219,463.5,0.013,8.3,0.0045,104.5,5.8
24.316,461.7,-0.002,7,0.006,104.5,-1
24.414,465.2,0,5.7,0.006,104.4,0
24.512,465.7,-0.002,7,0.0045,104.4,-1
24.609,462.2,0.01,4.4,0.0029,103.9,4.9
24.707,466.5,-0.002,5.7,0.006,104.4,-1
24.805,462.2,0.006,8.3,0.0045,104.5,2.9
24.902,466.1,0.004,7,-0.0001,103.9,2
25,461.7,0.002,3.2,-0.0001,103.5,1
25.098,459.6,0.002,7,0.006,104.5,1
25.195,460.4,0.004,10.8,0.0014,104.4,1.9
25.293,456.1,-0.004,5.7,0.0014,103.9,-1.9
25.391,452.6,0.002,7,0.0029,104.2,1
25.488,451.3,-0.004,8.3,0.0045,104.5,-1.9
25.586,445.7,0.01,8.3,0.0014,104.2,4.7
25.684,441.7,-0.004,4.4,0.0029,103.9,-1.9
25.781,433,0,7,0.0029,104.2,0
25.879,430.4,0,8.3,0.0029,104.3,0
25.977,422.2,-0.013,7,-0.0017,103.7,-5.3
26.074,416.5,-0.006,4.4,0.0029,103.9,-2.6
26.172,410.9,0.002,7,0.0014,104,0.9
26.27,403,0.002,5.7,0.0029,104.1,0.8
26.367,398.7,0.006,5.7,0.0029,104.1,2.5
26.465,391.3,-0.006,8.3,0.0029,104.3,-2.5
26.563,382.6,-0.013,7,0.0029,104.2,-4.8
26.66,374.3,-0.013,5.7,0.0014,103.9,-4.7
26.758,366.1,0.006,5.7,0.0045,104.2,2.3
26.855,359.1,-0.008,8.3,0.0029,104.3,-3
26.953,350,0.01,7,0.0014,104,3.7
27.051,341.3,-0.006,4.4,-0.0001,103.6,-2.1
27.148,335.2,0.002,7,0.006,104.5,0.7
27.246,325.2,0,12.1,0.0029,104.7,0
27.344,318.7,0.006,5.7,0.0014,103.9,2
27.441,310.9,0.004,5.7,0.0029,104.1,1.3
27.539,307,0.013,7,0.0029,104.2,3.9
27.637,295.2,-0.002,7,0.0014,104,-0.6
27.734,285.7,-0.017,5.7,0.0045,104.2,-4.8
27.832,277,0.004,7,0.006,104.5,1.2
27.93,265.7,0,8.3,0.0029,104.3,0
28.027,257.4,-0.004,7,-0.0017,103.7,-1.1
28.125,245.7,-0.004,7,0.0045,104.4,-1
28.223,231.7,0.015,7,0.0014,104,3.4
28.32,220.9,-0.002,7,0.0029,104.2,-0.5
28.418,205.7,0.002,5.7,0.0029,104.1,0.4
28.516,193.9,0,5.7,0.0029,104.1,0
28.613,181.3,-0.002,5.7,0.0029,104.1,-0.4
28.711,164.3,-0.004,5.7,0.0014,103.9,-0.7
28.809,150.4,0.002,17.2,0.0045,105.4,0.3
28.906,133.9,0,19.7,0.006,105.9,0
29.004,123.9,0.01,19.7,0.0029,105.5,1.3
29.102,110,0.006,15.9,-0.0001,104.8,0.7
29.199,97.8,0,17.2,0.0045,105.4,0
29.297,85.7,-0.002,19.7,-0.0155,103.6,-0.2
29.395,73.5,0.013,17.2,0.0014,105.1,0.9
29.492,59.1,-0.002,18.5,0.0045,105.6,-0.1
29.59,44.8,-0.01,19.7,0.0045,105.7,-0.5
29.688,26.5,-0.004,18.5,0.0014,105.2,-0.1
29.785,11.3,0.006,17.2,0.0014,105.1,0.1
29.883,-5.7,0,17.2,0.0029,105.3,0
29.98,-21.7,-0.002,19.7,0.0029,105.5,0
30.078,-37,-0.021,15.9,-0.0063,104.2,0.8
30.176,-54.3,0,15.9,-0.0001,104.8,0
30.273,-70.4,-0.006,18.5,0.0014,105.2,0.4
30.371,-84.3,-0.004,15.9,0.0029,105.1,0.4
30.469,-100,-0.006,17.2,0.0029,105.3,0.6
30.566,-116.5,0.002,17.2,0.0014,105.1,-0.2
30.664,-131.3,0.002,18.5,0.0029,105.4,-0.3
30.762,-141.3,-0.002,17.2,-0.0001,104.9,0.3
30.859,-156.1,0,15.9,0.0029,105.1,0
30.957,-169.6,-0.004,18.5,0.0029,105.4,0.7
31.055,-181.7,-0.006,19.7,0.0014,105.4,1.1
31.152,-193,0,15.9,-0.0017,104.7,0
31.25,-204.3,-0.004,15.9,0.0045,105.3,0.9
31.348,-216.1,0.004,18.5,0.0045,105.6,-0.9
31.445,-226.1,0,17.2,0.0029,105.3,0
31.543,-240.4,0.002,18.5,0.0029,105.4,-0.5
31.641,-245.7,-0.01,18.5,0.0029,105.4,2.6
31.738,-258.3,-0.004,17.2,-0.0001,104.9,1.1
31.836,-269.6,0.004,14.6,0.0014,104.8,-1.1
31.934,-278.3,0.015,18.5,0.006,105.7,-4.1
32.031,-286.5,-0.008,21,0.0029,105.7,2.4
32.129,-298.3,0.002,17.2,-0.0017,104.8,-0.6
32.227,-306.1,-0.01,15.9,0.0029,105.1,3.2
32.324,-308.7,0.002,18.5,0.0014,105.2,-0.6
32.422,-322.6,0.006,17.2,0.0029,105.3,-2
32.52,-331.3,0.008,18.5,0.0029,105.4,-2.8
32.617,-340,-0.004,17.2,0.0029,105.3,1.4
32.715,-347.8,-0.013,18.5,-0.0001,105.1,4.4
32.813,-358.7,-0.008,14.6,0.0014,104.8,3
32.91,-367.4,-0.004,17.2,0.0029,105.3,1.5
33.008,-375.2,0.004,19.7,0.006,105.9,-1.6
33.105,-380.4,-0.004,18.5,0.0014,105.2,1.6
33.203,-390.9,-0.006,15.9,-0.0001,104.8,2.5
33.301,-398.3,-0.015,15.9,0.006,105.5,5.9
33.398,-410.4,-0.006,17.2,-0.0063,104.3,2.6
33.496,-417,-0.002,18.5,0.0029,105.4,0.9
33.594,-422.2,-0.002,18.5,0.0045,105.6,0.9
33.691,-431.3,0.006,19.7,0.0029,105.5,-2.7
33.789,-438.3,0.002,0.6,-0.0001,103.2,-0.9
33.887,-445.7,0.002,-0.7,0.0014,103.3,-0.9
33.984,-454.3,-0.004,-0.7,0.0029,103.4,1.9
34.082,-454.8,-0.004,1.9,0.0045,103.8,1.9
34.18,-463,-0.004,-0.7,-0.0001,103.1,1.9
34.277,-462.6,0.004,-1.9,0.0014,103.1,-1.9
34.375,-463.9,0.002,-0.7,0.0029,103.4,-1
34.473,-467.4,0.006,-0.7,0.0014,103.3,-2.9
34.57,-465.7,-0.008,-0.7,0.0014,103.3,3.9
34.668,-466.1,0.002,0.6,0.0029,103.5,-1
34.766,-463.5,0.004,0.6,0.0014,103.4,-1.9
34.863,-463.5,0.002,-0.7,-0.0001,103.1,-1
34.961,-463,0.004,-0.7,0.0029,103.4,-1.9
35.059,-463.9,0.006,1.9,0.0045,103.8,-2.9
35.156,-461.3,0,3.2,0.0029,103.8,0
35.254,-457.8,0,-3.2,-0.0017,102.7,0
35.352,-454.8,0.002,1.9,0.006,104,-1
35.449,-452.2,0.002,1.9,-0.0247,100.8,-0.9
35.547,-445.2,0.004,-0.7,0.0014,103.3,-1.9
35.645,-443.9,-0.002,0.6,0.0045,103.7,0.9
35.742,-438.3,0.004,0.6,0.0029,103.5,-1.8
35.84,-433.9,0,0.6,0.0014,103.4,0
35.938,-427.8,0,-1.9,0.0014,103.1,0
36.035,-419.6,-0.004,1.9,0.0045,103.8,1.8
36.133,-411.7,0.013,1.9,0.0045,103.8,-5.2
36.23,-404.8,-0.004,1.9,0.0029,103.7,1.7
36.328,-400.4,-0.004,-3.2,0.0045,103.3,1.7
36.426,-391.7,-0.004,1.9,0.0045,103.8,1.6
36.523,-383,-0.006,0.6,0.0014,103.4,2.4
36.621,-374.3,-0.004,-0.7,0.0029,103.4,1.6
36.719,-369.1,-0.008,0.6,0.0045,103.7,3.1
36.816,-360.9,-0.002,0.6,0.0045,103.7,0.8
36.914,-352.6,-0.006,-0.7,0.0014,103.3,2.2
37.012,-344.3,0.01,-1.9,0.0029,103.3,-3.6
37.109,-335.2,0.002,1.9,0.006,104,-0.7
37.207,-329.6,0.006,3.2,0.0029,103.8,-2.1
37.305,-320.9,-0.008,-0.7,-0.0032,102.8,2.7
37.402,-312.6,-0.008,-1.9,0.0075,103.8,2.6
37.5,-307,-0.002,1.9,0.006,104,0.6
37.598,-297.4,-0.002,0.6,0.0029,103.5,0.6
37.695,-287.8,-0.01,0.6,0.0045,103.7,3
37.793,-277,0.008,3.2,0.0045,104,-2.3
37.891,-268.7,0,1.9,0.0014,103.5,0
37.988,-256.1,0.01,-0.7,0.0014,103.3,-2.7
38.086,-243,0,1.9,0.0045,103.8,0
38.184,-230.9,-0.006,1.9,0.0045,103.8,1.5
38.281,-216.5,-0.004,1.9,0.0029,103.7,0.9
38.379,-203.5,0.004,-3.2,0.0045,103.3,-0.9
38.477,-193,-0.013,0.6,0.0029,103.5,2.4
38.574,-182.6,-0.01,-0.7,0.0029,103.4,1.9
38.672,-166.5,-0.004,0.6,0.0029,103.5,0.7
38.77,-153.9,-0.002,1.9,0.0029,103.7,0.3
38.867,-138.3,-0.004,13.4,0.0029,104.9,0.6
38.965,-126.1,0,12.1,0.0014,104.6,0
39.063,-112.6,-0.004,12.1,0.0014,104.6,0.5
39.16,-101.7,-0.006,14.6,0.006,105.3,0.6
39.258,-88.3,-0.004,13.4,0.0014,104.7,0.4
39.355,-75.7,-0.013,10.8,-0.0017,104.1,1
39.453,-64.3,0.002,9.5,0.0029,104.5,-0.1
39.551,-46.5,0.002,14.6,0.0045,105.2,-0.1
39.648,-27,-0.004,12.1,0.0014,104.6,0.1
39.746,-13.5,-0.015,12.1,0.0029,104.7,0.2
39.844,3,0,14.6,0.0029,105,0
39.941,20.9,-0.004,13.4,0.0014,104.7,-0.1
40.039,36.5,0.004,10.8,-0.0001,104.3,0.2
40.137,51.7,0,12.1,0.0014,104.6,0
40.234,69.6,0.013,13.4,0.0014,104.7,0.9
40.332,81.3,-0.002,13.4,0.0014,104.7,-0.2
40.43,99.6,-0.004,9.5,0.0014,104.3,-0.4
40.527,114.8,0.017,13.4,0.0014,104.7,1.9
40.625,131.7,0,12.1,-0.0001,104.4,0
40.723,142.2,-0.002,12.1,-0.0001,104.4,-0.3
40.82,155.2,0.008,12.1,0.0014,104.6,1.3
40.918,168.7,0,12.1,-0.0001,104.4,0
41.016,178.7,0.008,10.8,-0.0001,104.3,1.5
41.113,185.2,0.002,10.8,-0.0001,104.3,0.4
41.211,203,-0.004,13.4,0.0029,104.9,-0.9
41.309,215.2,0.002,14.6,-0.0001,104.7,0.5
41.406,226.5,0,10.8,-0.0032,104,0
41.504,235.7,0.002,9.5,0.0014,104.3,0.5
41.602,247.4,-0.006,14.6,0.0029,105,-1.6
41.699,259.1,-0.002,12.1,0.0014,104.6,-0.5
41.797,267.4,-0.008,12.1,0.0029,104.7,-2.2
41.895,277,-0.002,13.4,0.0014,104.7,-0.6
41.992,287,0.004,13.4,-0.0017,104.4,1.2
42.09,293.9,0.008,9.5,-0.0032,103.8,2.5
42.188,303.9,-0.008,12.1,0.0029,104.7,-2.6
42.285,310.4,0.006,13.4,0.0014,104.7,2
42.383,321.7,-0.006,12.1,0.0014,104.6,-2
42.48,324.8,-0.004,9.5,0.0014,104.3,-1.4
42.578,337.4,0.006,14.6,0.0014,104.8,2.1
42.676,347.4,0.002,12.1,-0.0001,104.4,0.7
42.773,353,0,12.1,-0.0001,104.4,0
42.871,362.6,0,13.4,0.0029,104.9,0
42.969,372.6,0,12.1,-0.0017,104.3,0
43.066,382.6,0.008,13.4,-0.0032,104.2,3.2
43.164,389.6,0,10.8,0.0014,104.4,0
43.262,396.5,-0.004,13.4,0.0029,104.9,-1.7
43.359,406.5,-0.004,13.4,-0.0017,104.4,-1.7
43.457,416.1,-0.002,10.8,-0.0032,104,-0.9
43.555,422.2,0.002,9.5,0.0014,104.3,0.9
43.652,432.2,0,14.6,0.0029,105,0
43.75,439.1,-0.004,18.5,-0.0001,105.1,-1.8
43.848,442.2,0.002,-3.2,0.0029,103.1,0.9
43.945,450,-0.002,-1.9,0.0029,103.3,-0.9
44.043,457,0.01,-4.5,-0.0001,102.7,4.8
44.141,458.7,-0.013,-4.5,-0.0001,102.7,-5.8
44.238,460.9,0,-4.5,-0.0001,102.7,0
44.336,460.9,0.002,-0.7,0.0029,103.4,1
44.434,464.8,-0.008,-1.9,0.0014,103.1,-3.9
44.531,464.3,0.004,-7.1,0.0029,102.7,2
44.629,463.5,-0.006,-3.2,0.0014,103,-2.9
44.727,462.6,-0.002,-3.2,-0.0017,102.7,-1
44.824,465.7,0.006,-4.5,-0.0017,102.5,2.9
44.922,461.7,-0.006,-3.2,-0.0017,102.7,-2.9
45.02,463.5,0.008,-3.2,-0.0001,102.8,3.9
45.117,461.3,-0.013,-3.2,-0.0017,102.7,-5.8
45.215,458.7,0.008,-4.5,-0.0001,102.7,3.9
45.313,453.9,0,-1.9,0.0014,103.1,0
45.41,449.1,-0.008,-0.7,-0.0001,103.1,-3.8
45.508,448.3,-0.004,-4.5,-0.0032,102.4,-1.9
45.605,441.3,-0.004,-5.8,-0.0001,102.6,-1.9
45.703,437.4,-0.008,0.6,0.0029,103.5,-3.7
45.801,430.9,-0.006,-7.1,-0.0032,102.1,-2.7
45.898,423.9,-0.004,-3.2,0.0014,103,-1.8
45.996,417.4,-0.013,-4.5,-0.0001,102.7,-5.3
46.094,410.4,0.002,-1.9,-0.0001,103,0.9
46.191,404.3,0.002,-4.5,-0.0017,102.5,0.8
46.289,397.4,0,-4.5,-0.0001,102.7,0
46.387,391.3,0.01,-0.7,0.0014,103.3,4.1
46.484,383.5,-0.013,-3.2,0.0014,103,-4.8
46.582,376.5,0.002,-4.5,0.0014,102.9,0.8
46.68,368.7,0.002,-1.9,0.0014,103.1,0.8
46.777,363,0.008,-4.5,-0.0001,102.7,3
46.875,349.1,-0.002,-3.2,-0.0017,102.7,-0.7
46.973,343,0.006,-3.2,-0.0001,102.8,2.2
47.07,336.1,-0.01,-1.9,-0.0001,103,-3.5
47.168,327,-0.006,-3.2,-0.0017,102.7,-2.1
47.266,320.4,0,-5.8,-0.0001,102.6,0
47.363,312.2,0.006,-1.9,0.0029,103.3,2
47.461,303.9,0.004,-0.7,-0.0001,103.1,1.3
47.559,296.1,0.004,-4.5,-0.0032,102.4,1.2
47.656,288.3,0.01,-7.1,-0.0001,102.4,3
47.754,275.7,0.006,0.6,0.0014,103.4,1.7
47.852,264.8,-0.006,-13.4,-0.0001,101.8,-1.7
47.949,257.8,0.002,-4.5,-0.0001,102.7,0.5
48.047,246.5,0,-3.2,-0.0001,102.8,0
48.145,231.7,-0.015,-1.9,-0.0001,103,-3.4
48.242,221.7,0,-4.5,-0.0001,102.7,0
48.34,207.4,0.004,-3.2,-0.0001,102.8,0.9
48.438,196.1,0,-0.7,0.0014,103.3,0
48.535,179.6,0,-0.7,-0.0001,103.1,0
48.633,167,0.006,-3.2,0.0014,103,1.1
48.73,151.7,-0.002,-3.2,-0.0001,102.8,-0.3
48.828,134.3,-0.002,4.4,-0.0032,103.3,-0.3
48.926,127,0.004,4.4,-0.0001,103.6,0.5
49.023,111.3,-0.004,5.7,-0.0017,103.6,-0.5
49.121,102.2,0.002,7,-0.0001,103.9,0.2
49.219,89.6,0,4.4,-0.0032,103.3,0
49.316,75.7,-0.002,4.4,-0.0001,103.6,-0.2
49.414,62.2,-0.002,5.7,-0.0001,103.8,-0.1
49.512,45.2,0.002,7,-0.0017,103.7,0.1
49.609,28.3,0,4.4,-0.0032,103.3,0
49.707,13.5,0.015,0.6,-0.0017,103.1,0.2
49.805,-3,0.01,5.7,0.0075,104.6,0
49.902,-19.1,-0.002,8.3,-0.0017,103.9,0
